{"cameraMode":{"drawMode":0,"name":"Shaded","section":"Shading Mode"},"sceneLighting":false,"audioPlay":false,"sceneViewState":{"m_AlwaysRefresh":false,"showFog":true,"showSkybox":false,"showFlares":true,"showImageEffects":true,"showParticleSystems":true,"showVisualEffectGraphs":true,"m_FxEnabled":true},"in2DMode":false,"pivot":{"x":1.7881393432617188e-7,"y":0.8886947631835938,"z":-0.004407018423080444},"rotation":{"x":0.449871301651001,"y":-0.04952182620763779,"z":0.024993527680635454,"w":0.8913689851760864},"size":1.3717772960662842,"orthographic":false}