{"cameraMode":{"drawMode":0,"name":"Shaded","section":"Shading Mode"},"sceneLighting":true,"audioPlay":false,"sceneViewState":{"m_AlwaysRefresh":false,"showFog":true,"showSkybox":true,"showFlares":true,"showImageEffects":true,"showParticleSystems":true,"showVisualEffectGraphs":true,"m_FxEnabled":false},"in2DMode":false,"pivot":{"x":32.05335235595703,"y":-7.1135663986206059,"z":50.303070068359378},"rotation":{"x":0.34396809339523318,"y":0.16553132236003877,"z":-0.061739955097436908,"w":0.9222119450569153},"size":12.481245040893555,"orthographic":false}