{"cameraMode":{"drawMode":0,"name":"Shaded","section":"Shading Mode"},"sceneLighting":false,"audioPlay":false,"sceneViewState":{"m_AlwaysRefresh":false,"showFog":true,"showSkybox":false,"showFlares":true,"showImageEffects":true,"showParticleSystems":true,"showVisualEffectGraphs":true,"m_FxEnabled":true},"in2DMode":false,"pivot":{"x":17.25082778930664,"y":0.7740305662155151,"z":25.95039939880371},"rotation":{"x":0.007063345983624458,"y":-0.6197051405906677,"z":0.0055774240754544739,"w":0.7847839593887329},"size":1.3425335884094239,"orthographic":false}